event_count,process_create_count,file_create_count,registry_modify_count,network_connect_count,uses_suspicious_process,uses_suspicious_command,has_multiple_behaviors,label
1,1,0,0,0,0,0,0,0
1,1,0,0,0,0,0,0,0
1,1,0,0,0,0,0,0,0
1,1,0,0,0,0,0,0,0
1,1,0,0,0,0,0,0,0
1,1,0,0,0,0,0,0,0
1,1,0,0,0,0,0,0,0
1,1,0,0,0,0,0,0,0
1,1,0,0,0,0,0,0,0
1,1,0,0,0,0,0,0,0
1,1,0,0,0,0,0,0,0
1,1,0,0,0,1,0,0,0
1,1,0,0,0,0,0,0,0
1,1,0,0,0,0,0,0,0
1,1,0,0,0,0,0,0,0
1,1,0,0,0,0,0,0,0
1,1,0,0,0,0,0,0,0
1,1,0,0,0,0,0,0,0
1,1,0,0,0,1,0,0,0
1,1,0,0,0,0,0,0,0
1,1,0,0,0,0,0,0,0
1,1,0,0,0,0,0,0,0
1,1,0,0,0,0,0,0,0
2,2,0,0,0,0,0,0,0
1,1,0,0,0,0,0,0,0
1,1,0,0,0,0,0,0,0
1,1,0,0,0,0,0,0,0
1,1,0,0,0,0,0,0,0
1,1,0,0,0,0,0,0,0
1,1,0,0,0,0,0,0,0
1,1,0,0,0,0,0,0,0
1,1,0,0,0,0,0,0,0
1,1,0,0,0,0,0,0,0
1,1,0,0,0,0,0,0,0
1,1,0,0,0,0,0,0,0
1,1,0,0,0,0,0,0,0
1,1,0,0,0,0,0,0,0
1,1,0,0,0,0,0,0,0
1,1,0,0,0,0,0,0,0
1,1,0,0,0,0,0,0,0
1,1,0,0,0,0,0,0,0
1,1,0,0,0,0,0,0,0
1,1,0,0,0,0,0,0,0
1,1,0,0,0,0,0,0,0
1,1,0,0,0,0,0,0,0
1,1,0,0,0,0,0,0,0
1,1,0,0,0,0,0,0,0
1,1,0,0,0,0,0,0,0
1,1,0,0,0,0,0,0,0
1,1,0,0,0,0,0,0,0
1,1,0,0,0,0,0,0,0
1,1,0,0,0,0,0,0,0
1,1,0,0,0,0,0,0,0
1,1,0,0,0,0,0,0,0
1,1,0,0,0,0,0,0,0
1,1,0,0,0,0,0,0,0
1,1,0,0,0,0,0,0,0
1,1,0,0,0,0,0,0,0
1,1,0,0,0,0,0,0,0
1,1,0,0,0,0,0,0,0
1,1,0,0,0,0,0,0,0
1,1,0,0,0,0,0,0,0
1,1,0,0,0,0,0,0,0
1,1,0,0,0,0,0,0,0
1,1,0,0,0,0,0,0,0
1,1,0,0,0,0,0,0,0
1,1,0,0,0,0,0,0,0
1,1,0,0,0,0,0,0,0
1,1,0,0,0,0,0,0,0
1,1,0,0,0,0,0,0,0
1,1,0,0,0,0,0,0,0
1,1,0,0,0,0,0,0,0
1,1,0,0,0,0,0,0,0
1,1,0,0,0,0,0,0,0
1,1,0,0,0,0,0,0,0
1,1,0,0,0,0,0,0,0
1,1,0,0,0,0,0,0,0
1,1,0,0,0,0,0,0,0
1,1,0,0,0,0,0,0,0
1,1,0,0,0,0,0,0,0
1,1,0,0,0,0,0,0,0
1,1,0,0,0,0,0,0,0
1,1,0,0,0,0,0,0,0
1,1,0,0,0,0,0,0,0
1,1,0,0,0,0,0,0,0
1,1,0,0,0,0,0,0,0
1,1,0,0,0,0,0,0,0
1,1,0,0,0,0,0,0,0
1,1,0,0,0,0,0,0,0
1,1,0,0,0,1,0,0,0
1,1,0,0,0,0,0,0,0
1,1,0,0,0,0,0,0,0
1,1,0,0,0,0,0,0,0
1,1,0,0,0,0,0,0,0
1,1,0,0,0,0,0,0,0
1,1,0,0,0,0,0,0,0
1,1,0,0,0,0,0,0,0
1,1,0,0,0,0,0,0,0
1,1,0,0,0,0,0,0,0
1,1,0,0,0,0,0,0,0
1,1,0,0,0,0,0,0,0
1,1,0,0,0,0,0,0,0
1,1,0,0,0,0,0,0,0
1,1,0,0,0,0,0,0,0
1,1,0,0,0,0,0,0,0
1,1,0,0,0,0,0,0,0
1,1,0,0,0,0,0,0,0
1,1,0,0,0,0,0,0,0
1,1,0,0,0,0,0,0,0
1,1,0,0,0,0,0,0,0
1,1,0,0,0,0,0,0,0
1,1,0,0,0,0,0,0,0
1,1,0,0,0,0,0,0,0
1,1,0,0,0,0,0,0,0
1,1,0,0,0,0,0,0,0
1,1,0,0,0,0,0,0,0
1,1,0,0,0,0,0,0,0
1,1,0,0,0,0,0,0,0
1,1,0,0,0,0,0,0,0
1,1,0,0,0,0,0,0,0
1,1,0,0,0,0,0,0,0
1,1,0,0,0,0,0,0,0
1,1,0,0,0,0,0,0,0
2,2,0,0,0,0,0,0,0
1,1,0,0,0,0,0,0,0
1,1,0,0,0,0,0,0,0
1,1,0,0,0,0,0,0,0
1,1,0,0,0,0,0,0,0
1,1,0,0,0,0,0,0,0
1,1,0,0,0,0,0,0,0
1,1,0,0,0,0,0,0,0
1,1,0,0,0,0,0,0,0
1,1,0,0,0,1,0,0,0
1,1,0,0,0,0,0,0,0
1,1,0,0,0,0,0,0,0
1,1,0,0,0,0,0,0,0
1,1,0,0,0,0,0,0,0
1,1,0,0,0,0,0,0,0
1,1,0,0,0,0,0,0,0
1,1,0,0,0,0,0,0,0
1,1,0,0,0,0,0,0,0
1,1,0,0,0,0,0,0,0
1,1,0,0,0,0,0,0,0
1,1,0,0,0,0,0,0,0
1,1,0,0,0,0,0,0,0
1,1,0,0,0,0,0,0,0
1,1,0,0,0,0,0,0,0
1,1,0,0,0,0,0,0,0
1,1,0,0,0,0,0,0,0
1,1,0,0,0,0,0,0,0
1,1,0,0,0,0,0,0,0
1,1,0,0,0,0,0,0,0
1,1,0,0,0,0,0,0,0
1,1,0,0,0,0,0,0,0
1,1,0,0,0,0,0,0,0
1,1,0,0,0,0,0,0,0
1,1,0,0,0,0,0,0,0
1,1,0,0,0,0,0,0,0
1,1,0,0,0,0,0,0,0
1,1,0,0,0,0,0,0,0
1,1,0,0,0,0,0,0,0
1,1,0,0,0,1,0,0,0
1,1,0,0,0,0,0,0,0
1,1,0,0,0,0,0,0,0
1,1,0,0,0,0,0,0,0
1,1,0,0,0,0,0,0,0
1,1,0,0,0,0,0,0,0
1,1,0,0,0,0,0,0,0
1,1,0,0,0,1,0,0,0
1,1,0,0,0,0,0,0,0
1,1,0,0,0,0,0,0,0
1,1,0,0,0,0,0,0,0
1,1,0,0,0,0,0,0,0
1,1,0,0,0,0,0,0,0
1,1,0,0,0,0,0,0,0
1,1,0,0,0,0,0,0,0
1,1,0,0,0,0,0,0,0
1,1,0,0,0,0,0,0,0
1,1,0,0,0,0,0,0,0
1,1,0,0,0,0,0,0,0
1,1,0,0,0,0,0,0,0
1,1,0,0,0,0,0,0,0
1,1,0,0,0,0,0,0,0
1,1,0,0,0,0,0,0,0
1,1,0,0,0,0,0,0,0
1,1,0,0,0,0,0,0,0
1,1,0,0,0,0,0,0,0
1,1,0,0,0,0,0,0,0
1,1,0,0,0,0,0,0,0
1,1,0,0,0,0,0,0,0
1,1,0,0,0,0,0,0,0
1,1,0,0,0,0,0,0,0
1,1,0,0,0,0,0,0,0
1,1,0,0,0,0,0,0,0
1,1,0,0,0,0,0,0,0
1,1,0,0,0,0,0,0,0
1,1,0,0,0,0,0,0,0
1,1,0,0,0,0,0,0,0
1,1,0,0,0,0,0,0,0
1,1,0,0,0,0,0,0,0
1,1,0,0,0,0,0,0,0
1,1,0,0,0,0,0,0,0
1,1,0,0,0,0,0,0,0
1,1,0,0,0,0,0,0,0
1,1,0,0,0,0,0,0,0
1,1,0,0,0,0,0,0,0
1,1,0,0,0,0,0,0,0
1,1,0,0,0,0,0,0,0
1,1,0,0,0,0,0,0,0
1,1,0,0,0,0,0,0,0
1,1,0,0,0,0,0,0,0
1,1,0,0,0,0,0,0,0
1,1,0,0,0,0,0,0,0
1,1,0,0,0,0,0,0,0
1,1,0,0,0,0,0,0,0
1,1,0,0,0,0,0,0,0
1,1,0,0,0,0,0,0,0
1,1,0,0,0,0,0,0,0
1,1,0,0,0,0,0,0,0
1,1,0,0,0,0,0,0,0
1,1,0,0,0,0,0,0,0
1,1,0,0,0,0,0,0,0
1,1,0,0,0,0,0,0,0
1,1,0,0,0,0,0,0,0
1,1,0,0,0,0,0,0,0
1,1,0,0,0,0,0,0,0
1,1,0,0,0,0,0,0,0
1,1,0,0,0,0,0,0,0
1,1,0,0,0,0,0,0,0
1,1,0,0,0,0,0,0,0
1,1,0,0,0,0,0,0,0
1,1,0,0,0,0,0,0,0
1,1,0,0,0,0,0,0,0
1,1,0,0,0,0,0,0,0
1,1,0,0,0,0,0,0,0
1,1,0,0,0,0,0,0,0
1,1,0,0,0,0,0,0,0
1,1,0,0,0,0,0,0,0
1,1,0,0,0,0,0,0,0
1,1,0,0,0,0,0,0,0
1,1,0,0,0,0,0,0,0
1,1,0,0,0,0,0,0,0
1,1,0,0,0,0,0,0,0
1,1,0,0,0,0,0,0,0
1,1,0,0,0,0,0,0,0
1,1,0,0,0,0,0,0,0
1,1,0,0,0,0,0,0,0
1,1,0,0,0,0,0,0,0
1,1,0,0,0,0,0,0,0
1,1,0,0,0,0,0,0,0
1,1,0,0,0,0,0,0,0
1,1,0,0,0,0,0,0,0
1,1,0,0,0,0,0,0,0
1,1,0,0,0,0,0,0,0
1,1,0,0,0,0,0,0,0
1,1,0,0,0,0,0,0,0
1,1,0,0,0,0,0,0,0
1,1,0,0,0,0,0,0,0
1,1,0,0,0,0,0,0,0
1,1,0,0,0,0,0,0,0
1,1,0,0,0,0,0,0,0
1,1,0,0,0,0,0,0,0
1,1,0,0,0,0,0,0,0
1,1,0,0,0,0,0,0,0
1,1,0,0,0,0,0,0,0
1,1,0,0,0,0,0,0,0
1,1,0,0,0,0,0,0,0
1,1,0,0,0,0,0,0,0
1,1,0,0,0,0,0,0,0
1,1,0,0,0,0,0,0,0
1,1,0,0,0,0,0,0,0
1,1,0,0,0,0,0,0,0
1,1,0,0,0,0,0,0,0
1,1,0,0,0,0,0,0,0
1,1,0,0,0,0,0,0,0
1,1,0,0,0,0,0,0,0
1,1,0,0,0,0,0,0,0
1,1,0,0,0,0,0,0,0
1,1,0,0,0,0,0,0,0
1,1,0,0,0,0,0,0,0
1,1,0,0,0,0,0,0,0
1,1,0,0,0,0,0,0,0
1,1,0,0,0,0,0,0,0
1,1,0,0,0,0,0,0,0
1,1,0,0,0,0,0,0,0
1,1,0,0,0,0,0,0,0
1,1,0,0,0,0,0,0,0
1,1,0,0,0,0,0,0,0
1,1,0,0,0,0,0,0,0
1,1,0,0,0,0,0,0,0
1,1,0,0,0,0,0,0,0
1,1,0,0,0,0,0,0,0
1,1,0,0,0,0,0,0,0
1,1,0,0,0,0,0,0,0
1,1,0,0,0,0,0,0,0
1,1,0,0,0,0,0,0,0
1,1,0,0,0,0,0,0,0
1,1,0,0,0,0,0,0,0
1,1,0,0,0,0,0,0,0
1,1,0,0,0,0,0,0,0
1,1,0,0,0,0,0,0,0
1,1,0,0,0,0,0,0,0
1,1,0,0,0,0,0,0,0
1,1,0,0,0,0,0,0,0
1,1,0,0,0,0,0,0,0
1,1,0,0,0,0,0,0,0
1,1,0,0,0,0,0,0,0
1,1,0,0,0,0,0,0,0
1,1,0,0,0,0,0,0,0
1,1,0,0,0,0,0,0,0
1,1,0,0,0,0,0,0,0
1,1,0,0,0,0,0,0,0
1,1,0,0,0,0,0,0,0
1,1,0,0,0,0,0,0,0
1,1,0,0,0,0,0,0,0
1,1,0,0,0,0,0,0,0
1,1,0,0,0,0,0,0,0
1,1,0,0,0,0,0,0,0
1,1,0,0,0,0,0,0,0
1,1,0,0,0,0,0,0,0
1,1,0,0,0,0,0,0,0
1,1,0,0,0,0,0,0,0
1,1,0,0,0,0,0,0,0
1,1,0,0,0,0,0,0,0
1,1,0,0,0,0,0,0,0
1,1,0,0,0,0,0,0,0
1,1,0,0,0,0,0,0,0
1,1,0,0,0,0,0,0,0
1,1,0,0,0,0,0,0,0
1,1,0,0,0,0,0,0,0
1,1,0,0,0,0,0,0,0
1,1,0,0,0,0,0,0,0
1,1,0,0,0,0,0,0,0
1,1,0,0,0,0,0,0,0
1,1,0,0,0,0,0,0,0
1,1,0,0,0,0,0,0,0
1,1,0,0,0,0,0,0,0
1,1,0,0,0,0,0,0,0
1,1,0,0,0,0,0,0,0
1,1,0,0,0,0,0,0,0
1,1,0,0,0,0,0,0,0
1,1,0,0,0,0,0,0,0
1,1,0,0,0,0,0,0,0
1,1,0,0,0,0,0,0,0
1,1,0,0,0,0,0,0,0
1,1,0,0,0,0,0,0,0
1,1,0,0,0,0,0,0,0
1,1,0,0,0,0,0,0,0
1,1,0,0,0,0,0,0,0
1,1,0,0,0,0,0,0,0
1,1,0,0,0,0,0,0,0
1,1,0,0,0,0,0,0,0
1,1,0,0,0,0,0,0,0
1,1,0,0,0,0,0,0,0
1,1,0,0,0,0,0,0,0
1,1,0,0,0,0,0,0,0
1,1,0,0,0,0,0,0,0
1,1,0,0,0,0,0,0,0
1,1,0,0,0,0,0,0,0
1,1,0,0,0,0,0,0,0
1,1,0,0,0,0,0,0,0
1,1,0,0,0,0,0,0,0
1,1,0,0,0,0,0,0,0
1,1,0,0,0,0,0,0,0
1,1,0,0,0,0,0,0,0
1,1,0,0,0,0,0,0,0
1,1,0,0,0,0,0,0,0
1,1,0,0,0,0,0,0,0
1,1,0,0,0,0,0,0,0
1,1,0,0,0,0,0,0,0
1,1,0,0,0,0,0,0,0
1,1,0,0,0,0,0,0,0
1,1,0,0,0,0,0,0,0
1,1,0,0,0,0,0,0,0
1,1,0,0,0,0,0,0,0
1,1,0,0,0,0,0,0,0
1,1,0,0,0,0,0,0,0
1,1,0,0,0,0,0,0,0
1,1,0,0,0,0,0,0,0
1,1,0,0,0,0,0,0,0
1,1,0,0,0,0,0,0,0
1,1,0,0,0,0,0,0,0
1,1,0,0,0,0,0,0,0
1,1,0,0,0,0,0,0,0
1,1,0,0,0,0,0,0,0
1,1,0,0,0,0,0,0,0
1,1,0,0,0,0,0,0,0
1,1,0,0,0,0,0,0,0
1,1,0,0,0,0,0,0,0
1,1,0,0,0,0,0,0,0
1,1,0,0,0,0,0,0,0
1,1,0,0,0,0,0,0,0
1,1,0,0,0,0,0,0,0
1,1,0,0,0,0,0,0,0
1,1,0,0,0,0,0,0,0
1,1,0,0,0,0,0,0,0
1,1,0,0,0,0,0,0,0
1,1,0,0,0,0,0,0,0
1,1,0,0,0,0,0,0,0
1,1,0,0,0,0,0,0,0
1,1,0,0,0,0,0,0,0
1,1,0,0,0,0,0,0,0
1,1,0,0,0,0,0,0,0
1,1,0,0,0,0,0,0,0
1,1,0,0,0,0,0,0,0
1,1,0,0,0,0,0,0,0
1,1,0,0,0,0,0,0,0
1,1,0,0,0,0,0,0,0
1,1,0,0,0,0,0,0,0
1,1,0,0,0,0,0,0,0
1,1,0,0,0,0,0,0,0
1,1,0,0,0,0,0,0,0
1,1,0,0,0,0,0,0,0
1,1,0,0,0,0,0,0,0
1,1,0,0,0,0,0,0,0
1,1,0,0,0,0,0,0,0
1,1,0,0,0,0,0,0,0
1,1,0,0,0,1,0,0,0
1,1,0,0,0,0,0,0,0
1,1,0,0,0,0,0,0,0
1,1,0,0,0,1,0,0,0
1,1,0,0,0,0,0,0,0
1,1,0,0,0,0,0,0,0
1,1,0,0,0,0,0,0,0
1,1,0,0,0,0,0,0,0
1,1,0,0,0,0,0,0,0
1,1,0,0,0,0,0,0,0
1,1,0,0,0,0,0,0,0
1,1,0,0,0,0,0,0,0
1,1,0,0,0,0,0,0,0
1,1,0,0,0,0,0,0,0
1,1,0,0,0,0,0,0,0
1,1,0,0,0,0,0,0,0
1,1,0,0,0,0,0,0,0
1,1,0,0,0,0,0,0,0
1,1,0,0,0,0,0,0,0
1,1,0,0,0,0,0,0,0
1,1,0,0,0,0,0,0,0
1,1,0,0,0,0,0,0,0
1,1,0,0,0,0,0,0,0
1,1,0,0,0,0,0,0,0
1,1,0,0,0,0,0,0,0
1,1,0,0,0,0,0,0,0
1,1,0,0,0,0,0,0,0
1,1,0,0,0,0,0,0,0
1,1,0,0,0,0,0,0,0
1,1,0,0,0,0,0,0,0
1,1,0,0,0,0,0,0,0
1,1,0,0,0,0,0,0,0
1,1,0,0,0,0,0,0,0
1,1,0,0,0,0,0,0,0
1,1,0,0,0,0,0,0,0
1,1,0,0,0,0,0,0,0
1,1,0,0,0,0,0,0,0
1,1,0,0,0,0,0,0,0
1,1,0,0,0,1,0,0,0
1,1,0,0,0,0,0,0,0
1,1,0,0,0,0,0,0,0
1,1,0,0,0,0,0,0,0
1,1,0,0,0,0,0,0,0
1,1,0,0,0,0,0,0,0
1,1,0,0,0,0,0,0,0
1,1,0,0,0,0,0,0,0
1,1,0,0,0,0,0,0,0
1,1,0,0,0,0,0,0,0
1,1,0,0,0,0,0,0,0
1,1,0,0,0,0,0,0,0
1,1,0,0,0,0,0,0,0
1,1,0,0,0,0,0,0,0
1,1,0,0,0,0,0,0,0
1,1,0,0,0,0,0,0,0
1,1,0,0,0,0,0,0,0
1,1,0,0,0,0,0,0,0
1,1,0,0,0,0,0,0,0
1,1,0,0,0,0,0,0,0
1,1,0,0,0,0,0,0,0
1,1,0,0,0,0,0,0,0
1,1,0,0,0,0,0,0,0
1,1,0,0,0,0,0,0,0
1,1,0,0,0,0,0,0,0
1,1,0,0,0,0,0,0,0
1,1,0,0,0,0,0,0,0
1,1,0,0,0,0,0,0,0
1,1,0,0,0,0,0,0,0
1,1,0,0,0,0,0,0,0
1,1,0,0,0,0,0,0,0
1,1,0,0,0,0,0,0,0
1,1,0,0,0,0,0,0,0
1,1,0,0,0,0,0,0,0
1,1,0,0,0,0,0,0,0
1,1,0,0,0,0,0,0,0
1,1,0,0,0,0,0,0,0
1,1,0,0,0,0,0,0,0
1,1,0,0,0,0,0,0,0
1,1,0,0,0,1,0,0,0
1,1,0,0,0,0,0,0,0
1,1,0,0,0,0,0,0,0
1,1,0,0,0,0,0,0,0
1,1,0,0,0,0,0,0,0
1,1,0,0,0,0,0,0,0
1,1,0,0,0,0,0,0,0
1,1,0,0,0,0,0,0,0
2,2,0,0,0,0,0,0,0
1,1,0,0,0,0,0,0,0
1,1,0,0,0,0,0,0,0
1,1,0,0,0,0,0,0,0
1,1,0,0,0,0,0,0,0
1,1,0,0,0,0,0,0,0
1,1,0,0,0,0,0,0,0
1,1,0,0,0,0,0,0,0
1,1,0,0,0,0,0,0,0
1,1,0,0,0,0,0,0,0
2,2,0,0,0,0,0,0,0
2,2,0,0,0,0,0,0,0
1,1,0,0,0,0,0,0,0
1,1,0,0,0,0,0,0,0
1,1,0,0,0,0,0,0,0
1,1,0,0,0,0,0,0,0
1,1,0,0,0,0,0,0,0
1,1,0,0,0,0,0,0,0
1,1,0,0,0,0,0,0,0
1,1,0,0,0,0,0,0,0
1,1,0,0,0,0,0,0,0
1,1,0,0,0,0,0,0,0
1,1,0,0,0,0,0,0,0
1,1,0,0,0,0,0,0,0
1,1,0,0,0,0,0,0,0
1,1,0,0,0,0,0,0,0
1,1,0,0,0,0,0,0,0
1,1,0,0,0,0,0,0,0
1,1,0,0,0,0,0,0,0
1,1,0,0,0,0,0,0,0
1,1,0,0,0,0,0,0,0
1,1,0,0,0,0,0,0,0
1,1,0,0,0,0,0,0,0
1,1,0,0,0,0,0,0,0
1,1,0,0,0,0,0,0,0
1,1,0,0,0,0,0,0,0
1,1,0,0,0,0,0,0,0
1,1,0,0,0,0,0,0,0
1,1,0,0,0,0,0,0,0
1,1,0,0,0,0,0,0,0
1,1,0,0,0,0,0,0,0
1,1,0,0,0,0,0,0,0
1,1,0,0,0,0,0,0,0
1,1,0,0,0,0,0,0,0
1,1,0,0,0,0,0,0,0
1,1,0,0,0,0,0,0,0
1,1,0,0,0,0,0,0,0
1,1,0,0,0,0,0,0,0
1,1,0,0,0,0,0,0,0
1,1,0,0,0,0,0,0,0
1,1,0,0,0,0,0,0,0
1,1,0,0,0,0,0,0,0
1,1,0,0,0,0,0,0,0
1,1,0,0,0,0,0,0,0
1,1,0,0,0,0,0,0,0
1,1,0,0,0,0,0,0,0
1,1,0,0,0,0,0,0,0
1,1,0,0,0,0,0,0,0
1,1,0,0,0,0,0,0,0
1,1,0,0,0,0,0,0,0
1,1,0,0,0,0,0,0,0
1,1,0,0,0,0,0,0,0
1,1,0,0,0,0,0,0,0
1,1,0,0,0,0,0,0,0
1,1,0,0,0,0,0,0,0
1,1,0,0,0,0,0,0,0
1,1,0,0,0,0,0,0,0
1,1,0,0,0,0,0,0,0
1,1,0,0,0,0,0,0,0
1,1,0,0,0,0,0,0,0
1,1,0,0,0,0,0,0,0
1,1,0,0,0,0,0,0,0
1,1,0,0,0,0,0,0,0
1,1,0,0,0,0,0,0,0
1,1,0,0,0,0,0,0,0
1,1,0,0,0,0,0,0,0
1,1,0,0,0,0,0,0,0
1,1,0,0,0,0,0,0,0
1,1,0,0,0,0,0,0,0
1,1,0,0,0,0,0,0,0
1,1,0,0,0,0,0,0,0
1,1,0,0,0,0,0,0,0
1,1,0,0,0,0,0,0,0
1,1,0,0,0,0,0,0,0
1,1,0,0,0,0,0,0,0
1,1,0,0,0,0,0,0,0
1,1,0,0,0,0,0,0,0
1,1,0,0,0,0,0,0,0
1,1,0,0,0,0,0,0,0
1,1,0,0,0,0,0,0,0
1,1,0,0,0,0,0,0,0
1,1,0,0,0,0,0,0,0
1,1,0,0,0,0,0,0,0
1,1,0,0,0,0,0,0,0
1,1,0,0,0,0,0,0,0
1,1,0,0,0,0,0,0,0
1,1,0,0,0,0,0,0,0
1,1,0,0,0,0,0,0,0
1,1,0,0,0,0,0,0,0
1,1,0,0,0,0,0,0,0
1,1,0,0,0,0,0,0,0
1,1,0,0,0,0,0,0,0
1,1,0,0,0,0,0,0,0
1,1,0,0,0,0,0,0,0
1,1,0,0,0,1,0,0,0
1,1,0,0,0,0,0,0,0
1,1,0,0,0,0,0,0,0
1,1,0,0,0,0,0,0,0
1,1,0,0,0,0,0,0,0
1,1,0,0,0,0,0,0,0
1,1,0,0,0,0,0,0,0
1,1,0,0,0,0,0,0,0
1,1,0,0,0,0,0,0,0
1,1,0,0,0,0,0,0,0
1,1,0,0,0,0,0,0,0
1,1,0,0,0,0,0,0,0
1,1,0,0,0,0,0,0,0
1,1,0,0,0,0,0,0,0
1,1,0,0,0,0,0,0,0
1,1,0,0,0,0,0,0,0
1,1,0,0,0,0,0,0,0
1,1,0,0,0,0,0,0,0
1,1,0,0,0,0,0,0,0
1,1,0,0,0,0,0,0,0
1,1,0,0,0,0,0,0,0
1,1,0,0,0,0,0,0,0
1,1,0,0,0,0,0,0,0
1,1,0,0,0,0,0,0,0
1,1,0,0,0,0,0,0,0
1,1,0,0,0,0,0,0,0
1,1,0,0,0,0,0,0,0
1,1,0,0,0,0,0,0,0
1,1,0,0,0,0,0,0,0
1,1,0,0,0,0,0,0,0
1,1,0,0,0,0,0,0,0
1,1,0,0,0,0,0,0,0
1,1,0,0,0,0,0,0,0
1,1,0,0,0,0,0,0,0
1,1,0,0,0,0,0,0,0
1,1,0,0,0,0,0,0,0
1,1,0,0,0,0,0,0,0
1,1,0,0,0,0,0,0,0
1,1,0,0,0,0,0,0,0
1,1,0,0,0,0,0,0,0
1,1,0,0,0,0,0,0,0
1,1,0,0,0,0,0,0,0
1,1,0,0,0,0,0,0,0
1,1,0,0,0,0,0,0,0
1,1,0,0,0,0,0,0,0
1,1,0,0,0,0,0,0,0
1,1,0,0,0,0,0,0,0
1,1,0,0,0,0,0,0,0
1,1,0,0,0,0,0,0,0
1,1,0,0,0,0,0,0,0
1,1,0,0,0,0,0,0,0
1,1,0,0,0,0,0,0,0
1,1,0,0,0,0,0,0,0
1,1,0,0,0,0,0,0,0
1,1,0,0,0,0,0,0,0
1,1,0,0,0,0,0,0,0
1,1,0,0,0,0,0,0,0
1,1,0,0,0,0,0,0,0
1,1,0,0,0,0,0,0,0
1,1,0,0,0,0,0,0,0
1,1,0,0,0,0,0,0,0
1,1,0,0,0,0,0,0,0
1,1,0,0,0,0,0,0,0
1,1,0,0,0,0,0,0,0
1,1,0,0,0,0,0,0,0
1,1,0,0,0,0,0,0,0
1,1,0,0,0,0,0,0,0
1,1,0,0,0,0,0,0,0
1,1,0,0,0,0,0,0,0
1,1,0,0,0,0,0,0,0
1,1,0,0,0,0,0,0,0
1,1,0,0,0,0,0,0,0
1,1,0,0,0,0,0,0,0
1,1,0,0,0,0,0,0,0
1,1,0,0,0,0,0,0,0
1,1,0,0,0,0,0,0,0
1,1,0,0,0,0,0,0,0
1,1,0,0,0,0,0,0,0
1,1,0,0,0,0,0,0,0
1,1,0,0,0,0,0,0,0
1,1,0,0,0,0,0,0,0
1,1,0,0,0,0,0,0,0
1,1,0,0,0,0,0,0,0
1,1,0,0,0,0,0,0,0
1,1,0,0,0,0,0,0,0
1,1,0,0,0,0,0,0,0
2,2,0,0,0,0,0,0,0
1,1,0,0,0,0,0,0,0
1,1,0,0,0,0,0,0,0
1,1,0,0,0,0,0,0,0
1,1,0,0,0,0,0,0,0
1,1,0,0,0,0,0,0,0
1,1,0,0,0,0,0,0,0
1,1,0,0,0,0,0,0,0
1,1,0,0,0,0,0,0,0
1,1,0,0,0,0,0,0,0
1,1,0,0,0,0,0,0,0
1,1,0,0,0,0,0,0,0
1,1,0,0,0,0,0,0,0
1,1,0,0,0,0,0,0,0
1,1,0,0,0,0,0,0,0
1,1,0,0,0,0,0,0,0
1,1,0,0,0,0,0,0,0
1,1,0,0,0,0,0,0,0
1,1,0,0,0,0,0,0,0
1,1,0,0,0,0,0,0,0
1,1,0,0,0,0,0,0,0
1,1,0,0,0,0,0,0,0
1,1,0,0,0,0,0,0,0
1,1,0,0,0,0,0,0,0
1,1,0,0,0,0,0,0,0
1,1,0,0,0,1,0,0,0
1,1,0,0,0,0,0,0,0
1,1,0,0,0,0,0,0,0
1,1,0,0,0,0,0,0,0
1,1,0,0,0,0,0,0,0
1,1,0,0,0,0,0,0,0
1,1,0,0,0,0,0,0,0
1,1,0,0,0,0,0,0,0
1,1,0,0,0,0,0,0,0
1,1,0,0,0,0,0,0,0
1,1,0,0,0,0,0,0,0
1,1,0,0,0,0,0,0,0
1,1,0,0,0,0,0,0,0
1,1,0,0,0,0,0,0,0
1,1,0,0,0,0,0,0,0
1,1,0,0,0,0,0,0,0
1,1,0,0,0,0,0,0,0
1,1,0,0,0,0,0,0,0
1,1,0,0,0,0,0,0,0
1,1,0,0,0,0,0,0,0
1,1,0,0,0,0,0,0,0
1,1,0,0,0,1,0,0,0
1,1,0,0,0,0,0,0,0
1,1,0,0,0,0,0,0,0
1,1,0,0,0,0,0,0,0
1,1,0,0,0,0,0,0,0
1,1,0,0,0,0,0,0,0
1,1,0,0,0,0,0,0,0
1,1,0,0,0,0,0,0,0
1,1,0,0,0,0,0,0,0
1,1,0,0,0,0,0,0,0
1,1,0,0,0,0,0,0,0
1,1,0,0,0,0,0,0,0
1,1,0,0,0,0,0,0,0
1,1,0,0,0,0,0,0,0
1,1,0,0,0,0,0,0,0
1,1,0,0,0,0,0,0,0
1,1,0,0,0,0,0,0,0
1,1,0,0,0,0,0,0,0
1,1,0,0,0,0,0,0,0
1,1,0,0,0,0,0,0,0
1,1,0,0,0,0,0,0,0
1,1,0,0,0,0,0,0,0
1,1,0,0,0,0,0,0,0
1,1,0,0,0,0,0,0,0
1,1,0,0,0,0,0,0,0
1,1,0,0,0,0,0,0,0
1,1,0,0,0,0,0,0,0
1,1,0,0,0,0,0,0,0
1,1,0,0,0,0,0,0,0
1,1,0,0,0,0,0,0,0
1,1,0,0,0,0,0,0,0
1,1,0,0,0,0,0,0,0
1,1,0,0,0,0,0,0,0
1,1,0,0,0,0,0,0,0
1,1,0,0,0,0,0,0,0
1,1,0,0,0,0,0,0,0
1,1,0,0,0,0,0,0,0
1,1,0,0,0,0,0,0,0
1,1,0,0,0,0,0,0,0
1,1,0,0,0,0,0,0,0
1,1,0,0,0,0,0,0,0
1,1,0,0,0,0,0,0,0
1,1,0,0,0,0,0,0,0
1,1,0,0,0,0,0,0,0
1,1,0,0,0,0,0,0,0
1,1,0,0,0,0,0,0,0
1,1,0,0,0,0,0,0,0
1,1,0,0,0,0,0,0,0
1,1,0,0,0,0,0,0,0
1,1,0,0,0,0,0,0,0
1,1,0,0,0,0,0,0,0
1,1,0,0,0,0,0,0,0
1,1,0,0,0,0,0,0,0
1,1,0,0,0,0,0,0,0
1,1,0,0,0,0,0,0,0
1,1,0,0,0,0,0,0,0
1,1,0,0,0,0,0,0,0
1,1,0,0,0,0,0,0,0
1,1,0,0,0,0,0,0,0
2,2,0,0,0,0,0,0,0
1,1,0,0,0,0,0,0,0
1,1,0,0,0,0,0,0,0
1,1,0,0,0,0,0,0,0
1,1,0,0,0,0,0,0,0
1,1,0,0,0,0,0,0,0
1,1,0,0,0,0,0,0,0
1,1,0,0,0,0,0,0,0
1,1,0,0,0,0,0,0,0
1,1,0,0,0,0,0,0,0
1,1,0,0,0,0,0,0,0
1,1,0,0,0,0,0,0,0
1,1,0,0,0,0,0,0,0
1,1,0,0,0,0,0,0,0
1,1,0,0,0,0,0,0,0
1,1,0,0,0,0,0,0,0
1,1,0,0,0,0,0,0,0
1,1,0,0,0,0,0,0,0
1,1,0,0,0,0,0,0,0
1,1,0,0,0,0,0,0,0
1,1,0,0,0,0,0,0,0
1,1,0,0,0,0,0,0,0
1,1,0,0,0,0,0,0,0
1,1,0,0,0,0,0,0,0
1,1,0,0,0,0,0,0,0
1,1,0,0,0,0,0,0,0
1,1,0,0,0,0,0,0,0
1,1,0,0,0,0,0,0,0
1,1,0,0,0,0,0,0,0
1,1,0,0,0,0,0,0,0
1,1,0,0,0,0,0,0,0
1,1,0,0,0,1,0,0,0
1,1,0,0,0,1,0,0,0
1,1,0,0,0,0,0,0,0
1,1,0,0,0,0,0,0,0
1,1,0,0,0,0,0,0,0
1,1,0,0,0,0,0,0,0
1,1,0,0,0,0,0,0,0
1,1,0,0,0,0,0,0,0
1,1,0,0,0,0,0,0,0
1,1,0,0,0,0,0,0,0
1,1,0,0,0,0,0,0,0
1,1,0,0,0,0,0,0,0
1,1,0,0,0,0,0,0,0
1,1,0,0,0,0,0,0,0
1,1,0,0,0,0,0,0,0
1,1,0,0,0,0,0,0,0
1,1,0,0,0,0,0,0,0
1,1,0,0,0,0,0,0,0
1,1,0,0,0,0,0,0,0
1,1,0,0,0,0,0,0,0
1,1,0,0,0,0,0,0,0
1,1,0,0,0,0,0,0,0
1,1,0,0,0,0,0,0,0
1,1,0,0,0,0,0,0,0
1,1,0,0,0,0,0,0,0
1,1,0,0,0,0,0,0,0
1,1,0,0,0,0,0,0,0
1,1,0,0,0,0,0,0,0
1,1,0,0,0,0,0,0,0
1,1,0,0,0,0,0,0,0
1,1,0,0,0,0,0,0,0
1,1,0,0,0,0,0,0,0
1,1,0,0,0,0,0,0,0
1,1,0,0,0,0,0,0,0
1,1,0,0,0,0,0,0,0
1,1,0,0,0,0,0,0,0
1,1,0,0,0,0,0,0,0
1,1,0,0,0,0,0,0,0
1,1,0,0,0,0,0,0,0
1,1,0,0,0,0,0,0,0
1,1,0,0,0,0,0,0,0
1,1,0,0,0,0,0,0,0
1,1,0,0,0,0,0,0,0
1,1,0,0,0,0,0,0,0
1,1,0,0,0,0,0,0,0
1,1,0,0,0,0,0,0,0
1,1,0,0,0,0,0,0,0
1,1,0,0,0,0,0,0,0
1,1,0,0,0,0,0,0,0
1,1,0,0,0,0,0,0,0
1,1,0,0,0,0,0,0,0
1,1,0,0,0,0,0,0,0
1,1,0,0,0,0,0,0,0
1,1,0,0,0,0,0,0,0
1,1,0,0,0,0,0,0,0
1,1,0,0,0,0,0,0,0
1,1,0,0,0,0,0,0,0
1,1,0,0,0,0,0,0,0
1,1,0,0,0,0,0,0,0
1,1,0,0,0,0,0,0,0
1,1,0,0,0,0,0,0,0
1,1,0,0,0,0,0,0,0
1,1,0,0,0,0,0,0,0
1,1,0,0,0,0,0,0,0
1,1,0,0,0,0,0,0,0
1,1,0,0,0,0,0,0,0
1,1,0,0,0,0,0,0,0
1,1,0,0,0,0,0,0,0
1,1,0,0,0,0,0,0,0
1,1,0,0,0,0,0,0,0
1,1,0,0,0,0,0,0,0
1,1,0,0,0,0,0,0,0
1,1,0,0,0,0,0,0,0
1,1,0,0,0,0,0,0,0
1,1,0,0,0,0,0,0,0
1,1,0,0,0,0,0,0,0
1,1,0,0,0,0,0,0,0
1,1,0,0,0,0,0,0,0
1,1,0,0,0,0,0,0,0
1,1,0,0,0,0,0,0,0
1,1,0,0,0,0,0,0,0
1,1,0,0,0,0,0,0,0
1,1,0,0,0,0,0,0,0
1,1,0,0,0,0,0,0,0
1,1,0,0,0,0,0,0,0
1,1,0,0,0,0,0,0,0
1,1,0,0,0,0,0,0,0
1,1,0,0,0,0,0,0,0
1,1,0,0,0,0,0,0,0
1,1,0,0,0,0,0,0,0
1,1,0,0,0,0,0,0,0
1,1,0,0,0,0,0,0,0
1,1,0,0,0,0,0,0,0
1,1,0,0,0,0,0,0,0
1,1,0,0,0,0,0,0,0
1,1,0,0,0,0,0,0,0
1,1,0,0,0,0,0,0,0
1,1,0,0,0,0,0,0,0
1,1,0,0,0,0,0,0,0
1,1,0,0,0,0,0,0,0
1,1,0,0,0,0,0,0,0
1,1,0,0,0,0,0,0,0
2,2,0,0,0,0,0,0,0
1,1,0,0,0,0,0,0,0
1,1,0,0,0,0,0,0,0
1,1,0,0,0,0,0,0,0
2,2,0,0,0,0,0,0,0
1,1,0,0,0,0,0,0,0
1,1,0,0,0,0,0,0,0
1,1,0,0,0,0,0,0,0
1,1,0,0,0,0,0,0,0
1,1,0,0,0,0,0,0,0
3,3,0,0,0,0,0,0,0
1,1,0,0,0,0,0,0,0
1,1,0,0,0,0,0,0,0
1,1,0,0,0,0,0,0,0
1,1,0,0,0,0,0,0,0
1,1,0,0,0,0,0,0,0
1,1,0,0,0,0,0,0,0
1,1,0,0,0,0,0,0,0
1,1,0,0,0,0,0,0,0
1,1,0,0,0,0,0,0,0
1,1,0,0,0,0,0,0,0
1,1,0,0,0,0,0,0,0
1,1,0,0,0,0,0,0,0
1,1,0,0,0,0,0,0,0
1,1,0,0,0,0,0,0,0
1,1,0,0,0,0,0,0,0
1,1,0,0,0,0,0,0,0
1,1,0,0,0,0,0,0,0
1,1,0,0,0,0,0,0,0
1,1,0,0,0,0,0,0,0
1,1,0,0,0,0,0,0,0
1,1,0,0,0,0,0,0,0
1,1,0,0,0,0,0,0,0
1,1,0,0,0,0,0,0,0
1,1,0,0,0,0,0,0,0
1,1,0,0,0,0,0,0,0
1,1,0,0,0,0,0,0,0
1,1,0,0,0,0,0,0,0
1,1,0,0,0,0,0,0,0
1,1,0,0,0,0,0,0,0
1,1,0,0,0,0,0,0,0
1,1,0,0,0,0,0,0,0
1,1,0,0,0,0,0,0,0
1,1,0,0,0,0,0,0,0
1,1,0,0,0,0,0,0,0
1,1,0,0,0,0,0,0,0
1,1,0,0,0,0,0,0,0
1,1,0,0,0,0,0,0,0
1,1,0,0,0,0,0,0,0
1,1,0,0,0,0,0,0,0
1,1,0,0,0,0,0,0,0
1,1,0,0,0,0,0,0,0
1,1,0,0,0,0,0,0,0
1,1,0,0,0,0,0,0,0
1,1,0,0,0,0,0,0,0
1,1,0,0,0,0,0,0,0
1,1,0,0,0,0,0,0,0
1,1,0,0,0,0,0,0,0
1,1,0,0,0,0,0,0,0
1,1,0,0,0,0,0,0,0
1,1,0,0,0,0,0,0,0
1,1,0,0,0,0,0,0,0
1,1,0,0,0,0,0,0,0
1,1,0,0,0,0,0,0,0
1,1,0,0,0,0,0,0,0
1,1,0,0,0,0,0,0,0
1,1,0,0,0,0,0,0,0
1,1,0,0,0,0,0,0,0
1,1,0,0,0,0,0,0,0
1,1,0,0,0,0,0,0,0
1,1,0,0,0,0,0,0,0
1,1,0,0,0,0,0,0,0
1,1,0,0,0,0,0,0,0
1,1,0,0,0,0,0,0,0
1,1,0,0,0,0,0,0,0
1,1,0,0,0,0,0,0,0
1,1,0,0,0,0,0,0,0
1,1,0,0,0,0,0,0,0
1,1,0,0,0,0,0,0,0
1,1,0,0,0,0,0,0,0
1,1,0,0,0,0,0,0,0
1,1,0,0,0,0,0,0,0
1,1,0,0,0,0,0,0,0
1,1,0,0,0,0,0,0,0
1,1,0,0,0,0,0,0,0
1,1,0,0,0,0,0,0,0
1,1,0,0,0,0,0,0,0
1,1,0,0,0,0,0,0,0
1,1,0,0,0,0,0,0,0
1,1,0,0,0,0,0,0,0
1,1,0,0,0,0,0,0,0
1,1,0,0,0,0,0,0,0
1,1,0,0,0,0,0,0,0
1,1,0,0,0,0,0,0,0
1,1,0,0,0,0,0,0,0
1,1,0,0,0,0,0,0,0
1,1,0,0,0,1,0,0,0
1,1,0,0,0,0,0,0,0
1,1,0,0,0,0,0,0,0
1,1,0,0,0,0,0,0,0
1,1,0,0,0,0,0,0,0
1,1,0,0,0,0,0,0,0
1,1,0,0,0,0,0,0,0
1,1,0,0,0,0,0,0,0
1,1,0,0,0,0,0,0,0
1,1,0,0,0,0,0,0,0
1,1,0,0,0,0,0,0,0
1,1,0,0,0,0,0,0,0
1,1,0,0,0,0,0,0,0
1,1,0,0,0,0,0,0,0
1,1,0,0,0,0,0,0,0
1,1,0,0,0,0,0,0,0
1,1,0,0,0,0,0,0,0
1,1,0,0,0,0,0,0,0
1,1,0,0,0,0,0,0,0
1,1,0,0,0,0,0,0,0
1,1,0,0,0,0,0,0,0
1,1,0,0,0,0,0,0,0
1,1,0,0,0,1,0,0,0
2,2,0,0,0,0,0,0,0
1,1,0,0,0,0,0,0,0
1,1,0,0,0,0,0,0,0
1,1,0,0,0,0,0,0,0
1,1,0,0,0,0,0,0,0
1,1,0,0,0,0,0,0,0
1,1,0,0,0,0,0,0,0
1,1,0,0,0,0,0,0,0
1,1,0,0,0,0,0,0,0
1,1,0,0,0,0,0,0,0
1,1,0,0,0,0,0,0,0
1,1,0,0,0,0,0,0,0
1,1,0,0,0,0,0,0,0
1,1,0,0,0,0,0,0,0
1,1,0,0,0,0,0,0,0
1,1,0,0,0,0,0,0,0
1,1,0,0,0,0,0,0,0
1,1,0,0,0,0,0,0,0
1,1,0,0,0,0,0,0,0
1,1,0,0,0,0,0,0,0
1,1,0,0,0,0,0,0,0
1,1,0,0,0,0,0,0,0
1,1,0,0,0,0,0,0,0
1,1,0,0,0,0,0,0,0
1,1,0,0,0,0,0,0,0
1,1,0,0,0,0,0,0,0
1,1,0,0,0,0,0,0,0
1,1,0,0,0,0,0,0,0
1,1,0,0,0,0,0,0,0
1,1,0,0,0,0,0,0,0
1,1,0,0,0,0,0,0,0
1,1,0,0,0,0,0,0,0
1,1,0,0,0,0,0,0,0
1,1,0,0,0,0,0,0,0
1,1,0,0,0,0,0,0,0
1,1,0,0,0,0,0,0,0
1,1,0,0,0,0,0,0,0
1,1,0,0,0,0,0,0,0
1,1,0,0,0,0,0,0,0
1,1,0,0,0,0,0,0,0
1,1,0,0,0,0,0,0,0
1,1,0,0,0,0,0,0,0
1,1,0,0,0,0,0,0,0
1,1,0,0,0,0,0,0,0
1,1,0,0,0,0,0,0,0
1,1,0,0,0,0,0,0,0
1,1,0,0,0,0,0,0,0
1,1,0,0,0,0,0,0,0
1,1,0,0,0,0,0,0,0
1,1,0,0,0,0,0,0,0
1,1,0,0,0,0,0,0,0
1,1,0,0,0,0,0,0,0
1,1,0,0,0,0,0,0,0
1,1,0,0,0,0,0,0,0
1,1,0,0,0,0,0,0,0
1,1,0,0,0,0,0,0,0
1,1,0,0,0,0,0,0,0
1,1,0,0,0,0,0,0,0
1,1,0,0,0,0,0,0,0
1,1,0,0,0,0,0,0,0
1,1,0,0,0,0,0,0,0
1,1,0,0,0,0,0,0,0
1,1,0,0,0,0,0,0,0
1,1,0,0,0,0,0,0,0
1,1,0,0,0,0,0,0,0
1,1,0,0,0,0,0,0,0
1,1,0,0,0,0,0,0,0
1,1,0,0,0,0,0,0,0
1,1,0,0,0,0,0,0,0
1,1,0,0,0,0,0,0,0
1,1,0,0,0,0,0,0,0
1,1,0,0,0,0,0,0,0
1,1,0,0,0,0,0,0,0
1,1,0,0,0,0,0,0,0
1,1,0,0,0,0,0,0,0
1,1,0,0,0,0,0,0,0
1,1,0,0,0,0,0,0,0
1,1,0,0,0,0,0,0,0
1,1,0,0,0,0,0,0,0
1,1,0,0,0,0,0,0,0
1,1,0,0,0,0,0,0,0
1,1,0,0,0,0,0,0,0
1,1,0,0,0,0,0,0,0
1,1,0,0,0,0,0,0,0
1,1,0,0,0,0,0,0,0
1,1,0,0,0,1,0,0,0
1,1,0,0,0,0,0,0,0
1,1,0,0,0,0,0,0,0
1,1,0,0,0,0,0,0,0
1,1,0,0,0,0,0,0,0
1,1,0,0,0,0,0,0,0
1,1,0,0,0,0,0,0,0
1,1,0,0,0,0,0,0,0
1,1,0,0,0,0,0,0,0
1,1,0,0,0,0,0,0,0
1,1,0,0,0,0,0,0,0
1,1,0,0,0,0,0,0,0
1,1,0,0,0,0,0,0,0
1,1,0,0,0,0,0,0,0
1,1,0,0,0,0,0,0,0
1,1,0,0,0,0,0,0,0
1,1,0,0,0,0,0,0,0
1,1,0,0,0,0,0,0,0
1,1,0,0,0,0,0,0,0
1,1,0,0,0,0,0,0,0
1,1,0,0,0,0,0,0,0
1,1,0,0,0,0,0,0,0
1,1,0,0,0,0,0,0,0
1,1,0,0,0,0,0,0,0
1,1,0,0,0,0,0,0,0
1,1,0,0,0,0,0,0,0
1,1,0,0,0,0,0,0,0
1,1,0,0,0,0,0,0,0
1,1,0,0,0,0,0,0,0
1,1,0,0,0,0,0,0,0
1,1,0,0,0,0,0,0,0
1,1,0,0,0,0,0,0,0
1,1,0,0,0,0,0,0,0
1,1,0,0,0,0,0,0,0
1,1,0,0,0,0,0,0,0
1,1,0,0,0,0,0,0,0
1,1,0,0,0,0,0,0,0
1,1,0,0,0,0,0,0,0
1,1,0,0,0,0,0,0,0
1,1,0,0,0,1,0,0,0
1,1,0,0,0,0,0,0,0
1,1,0,0,0,0,0,0,0
1,1,0,0,0,0,0,0,0
1,1,0,0,0,0,0,0,0
1,1,0,0,0,0,0,0,0
1,1,0,0,0,0,0,0,0
1,1,0,0,0,0,0,0,0
1,1,0,0,0,0,0,0,0
1,1,0,0,0,0,0,0,0
1,1,0,0,0,0,0,0,0
1,1,0,0,0,0,0,0,0
1,1,0,0,0,0,0,0,0
1,1,0,0,0,0,0,0,0
1,1,0,0,0,0,0,0,0
1,1,0,0,0,0,0,0,0
1,1,0,0,0,0,0,0,0
1,1,0,0,0,0,0,0,0
1,1,0,0,0,0,0,0,0
1,1,0,0,0,0,0,0,0
1,1,0,0,0,0,0,0,0
1,1,0,0,0,0,0,0,0
1,1,0,0,0,0,0,0,0
1,1,0,0,0,0,0,0,0
1,1,0,0,0,0,0,0,0
1,1,0,0,0,0,0,0,0
1,1,0,0,0,0,0,0,0
1,1,0,0,0,0,0,0,0
1,1,0,0,0,0,0,0,0
1,1,0,0,0,0,0,0,0
1,1,0,0,0,0,0,0,0
1,1,0,0,0,0,0,0,0
1,1,0,0,0,0,0,0,0
1,1,0,0,0,0,0,0,0
1,1,0,0,0,0,0,0,0
1,1,0,0,0,0,0,0,0
1,1,0,0,0,1,0,0,0
1,1,0,0,0,0,0,0,0
1,1,0,0,0,0,0,0,0
1,1,0,0,0,0,0,0,0
1,1,0,0,0,0,0,0,0
1,1,0,0,0,0,0,0,0
1,1,0,0,0,0,0,0,0
1,1,0,0,0,0,0,0,0
1,1,0,0,0,0,0,0,0
1,1,0,0,0,0,0,0,0
1,1,0,0,0,0,0,0,0
1,1,0,0,0,0,0,0,0
1,1,0,0,0,0,0,0,0
1,1,0,0,0,0,0,0,0
1,1,0,0,0,0,0,0,0
1,1,0,0,0,1,0,0,0
1,1,0,0,0,1,0,0,0
1,1,0,0,0,1,0,0,0
1,1,0,0,0,1,0,0,0
1,1,0,0,0,0,0,0,0
1,1,0,0,0,0,0,0,0
1,1,0,0,0,0,0,0,0
1,1,0,0,0,0,0,0,0
1,1,0,0,0,0,0,0,0
1,1,0,0,0,0,0,0,0
1,1,0,0,0,0,0,0,0
1,1,0,0,0,0,0,0,0
1,1,0,0,0,0,0,0,0
1,1,0,0,0,0,0,0,0
1,1,0,0,0,0,0,0,0
1,1,0,0,0,0,0,0,0
1,1,0,0,0,0,0,0,0
1,1,0,0,0,0,0,0,0
1,1,0,0,0,0,0,0,0
1,1,0,0,0,0,0,0,0
1,1,0,0,0,0,0,0,0
1,1,0,0,0,0,0,0,0
1,1,0,0,0,0,0,0,0
1,1,0,0,0,0,0,0,0
1,1,0,0,0,0,0,0,0
1,1,0,0,0,0,0,0,0
1,1,0,0,0,0,0,0,0
1,1,0,0,0,0,0,0,0
1,1,0,0,0,0,0,0,0
1,1,0,0,0,0,0,0,0
1,1,0,0,0,0,0,0,0
1,1,0,0,0,0,0,0,0
1,1,0,0,0,0,0,0,0
1,1,0,0,0,0,0,0,0
2,2,0,0,0,0,0,0,0
1,1,0,0,0,0,0,0,0
1,1,0,0,0,0,0,0,0
1,1,0,0,0,0,0,0,0
1,1,0,0,0,0,0,0,0
1,1,0,0,0,0,0,0,0
1,1,0,0,0,0,0,0,0
1,1,0,0,0,0,0,0,0
1,1,0,0,0,0,0,0,0
1,1,0,0,0,0,0,0,0
1,1,0,0,0,0,0,0,0
1,1,0,0,0,0,0,0,0
1,1,0,0,0,0,0,0,0
1,1,0,0,0,0,0,0,0
1,1,0,0,0,0,0,0,0
1,1,0,0,0,0,0,0,0
1,1,0,0,0,0,0,0,0
1,1,0,0,0,0,0,0,0
1,1,0,0,0,0,0,0,0
1,1,0,0,0,0,0,0,0
1,1,0,0,0,0,0,0,0
1,1,0,0,0,0,0,0,0
1,1,0,0,0,0,0,0,0
1,1,0,0,0,0,0,0,0
1,1,0,0,0,0,0,0,0
1,1,0,0,0,0,0,0,0
1,1,0,0,0,0,0,0,0
1,1,0,0,0,0,0,0,0
1,1,0,0,0,0,0,0,0
1,1,0,0,0,0,0,0,0
1,1,0,0,0,0,0,0,0
1,1,0,0,0,0,0,0,0
1,1,0,0,0,0,0,0,0
1,1,0,0,0,0,0,0,0
1,1,0,0,0,0,0,0,0
1,1,0,0,0,0,0,0,0
1,1,0,0,0,0,0,0,0
1,1,0,0,0,0,0,0,0
1,1,0,0,0,0,0,0,0
1,1,0,0,0,0,0,0,0
1,1,0,0,0,0,0,0,0
1,1,0,0,0,0,0,0,0
1,1,0,0,0,0,0,0,0
1,1,0,0,0,0,0,0,0
1,1,0,0,0,0,0,0,0
1,1,0,0,0,0,0,0,0
1,1,0,0,0,0,0,0,0
1,1,0,0,0,0,0,0,0
1,1,0,0,0,0,0,0,0
1,1,0,0,0,0,0,0,0
1,1,0,0,0,0,0,0,0
1,1,0,0,0,0,0,0,0
1,1,0,0,0,0,0,0,0
1,1,0,0,0,0,0,0,0
1,1,0,0,0,0,0,0,0
1,1,0,0,0,0,0,0,0
1,1,0,0,0,0,0,0,0
1,1,0,0,0,0,0,0,0
1,1,0,0,0,0,0,0,0
1,1,0,0,0,0,0,0,0
1,1,0,0,0,0,0,0,0
1,1,0,0,0,0,0,0,0
1,1,0,0,0,0,0,0,0
1,1,0,0,0,0,0,0,0
1,1,0,0,0,0,0,0,0
1,1,0,0,0,0,0,0,0
1,1,0,0,0,0,0,0,0
1,1,0,0,0,0,0,0,0
1,1,0,0,0,0,0,0,0
1,1,0,0,0,0,0,0,0
1,1,0,0,0,0,0,0,0
1,1,0,0,0,0,0,0,0
1,1,0,0,0,0,0,0,0
1,1,0,0,0,0,0,0,0
1,1,0,0,0,0,0,0,0
1,1,0,0,0,0,0,0,0
1,1,0,0,0,0,0,0,0
1,1,0,0,0,0,0,0,0
1,1,0,0,0,0,0,0,0
1,1,0,0,0,0,0,0,0
1,1,0,0,0,0,0,0,0
1,1,0,0,0,0,0,0,0
1,1,0,0,0,0,0,0,0
1,1,0,0,0,0,0,0,0
1,1,0,0,0,0,0,0,0
1,1,0,0,0,0,0,0,0
1,1,0,0,0,0,0,0,0
1,1,0,0,0,0,0,0,0
1,1,0,0,0,0,0,0,0
1,1,0,0,0,0,0,0,0
1,1,0,0,0,0,0,0,0
1,1,0,0,0,0,0,0,0
1,1,0,0,0,0,0,0,0
1,1,0,0,0,0,0,0,0
1,1,0,0,0,0,0,0,0
1,1,0,0,0,0,0,0,0
1,1,0,0,0,0,0,0,0
1,1,0,0,0,0,0,0,0
1,1,0,0,0,0,0,0,0
1,1,0,0,0,0,0,0,0
1,1,0,0,0,0,0,0,0
1,1,0,0,0,0,0,0,0
1,1,0,0,0,0,0,0,0
1,1,0,0,0,0,0,0,0
1,1,0,0,0,0,0,0,0
1,1,0,0,0,0,0,0,0
1,1,0,0,0,0,0,0,0
1,1,0,0,0,0,0,0,0
1,1,0,0,0,0,0,0,0
1,1,0,0,0,0,0,0,0
1,1,0,0,0,0,0,0,0
1,1,0,0,0,0,0,0,0
1,1,0,0,0,0,0,0,0
1,1,0,0,0,0,0,0,0
1,1,0,0,0,0,0,0,0
1,1,0,0,0,0,0,0,0
1,1,0,0,0,0,0,0,0
1,1,0,0,0,0,0,0,0
1,1,0,0,0,0,0,0,0
1,1,0,0,0,0,0,0,0
1,1,0,0,0,0,0,0,0
1,1,0,0,0,0,0,0,0
1,1,0,0,0,0,0,0,0
1,1,0,0,0,0,0,0,0
1,1,0,0,0,0,0,0,0
1,1,0,0,0,0,0,0,0
1,1,0,0,0,0,0,0,0
1,1,0,0,0,0,0,0,0
1,1,0,0,0,0,0,0,0
1,1,0,0,0,0,0,0,0
1,1,0,0,0,0,0,0,0
1,1,0,0,0,0,0,0,0
1,1,0,0,0,0,0,0,0
1,1,0,0,0,0,0,0,0
1,1,0,0,0,0,0,0,0
1,1,0,0,0,0,0,0,0
1,1,0,0,0,0,0,0,0
1,1,0,0,0,0,0,0,0
1,1,0,0,0,0,0,0,0
1,1,0,0,0,0,0,0,0
1,1,0,0,0,0,0,0,0
1,1,0,0,0,0,0,0,0
1,1,0,0,0,0,0,0,0
1,1,0,0,0,0,0,0,0
1,1,0,0,0,0,0,0,0
1,1,0,0,0,0,0,0,0
1,1,0,0,0,0,0,0,0
1,1,0,0,0,0,0,0,0
1,1,0,0,0,0,0,0,0
1,1,0,0,0,0,0,0,0
1,1,0,0,0,0,0,0,0
1,1,0,0,0,0,0,0,0
1,1,0,0,0,0,0,0,0
1,1,0,0,0,0,0,0,0
1,1,0,0,0,0,0,0,0
1,1,0,0,0,0,0,0,0
1,1,0,0,0,0,0,0,0
1,1,0,0,0,0,0,0,0
1,1,0,0,0,0,0,0,0
1,1,0,0,0,0,0,0,0
1,1,0,0,0,0,0,0,0
1,1,0,0,0,0,0,0,0
1,1,0,0,0,0,0,0,0
1,1,0,0,0,0,0,0,0
1,1,0,0,0,0,0,0,0
1,1,0,0,0,0,0,0,0
1,1,0,0,0,0,0,0,0
1,1,0,0,0,0,0,0,0
1,1,0,0,0,0,0,0,0
1,1,0,0,0,0,0,0,0
1,1,0,0,0,0,0,0,0
1,1,0,0,0,0,0,0,0
1,1,0,0,0,0,0,0,0
1,1,0,0,0,0,0,0,0
1,1,0,0,0,0,0,0,0
1,1,0,0,0,0,0,0,0
1,1,0,0,0,0,0,0,0
1,1,0,0,0,0,0,0,0
1,1,0,0,0,0,0,0,0
1,1,0,0,0,0,0,0,0
1,1,0,0,0,0,0,0,0
1,1,0,0,0,0,0,0,0
1,1,0,0,0,0,0,0,0
1,1,0,0,0,0,0,0,0
1,1,0,0,0,0,0,0,0
1,1,0,0,0,0,0,0,0
1,1,0,0,0,0,0,0,0
1,1,0,0,0,0,0,0,0
1,1,0,0,0,0,0,0,0
1,1,0,0,0,0,0,0,0
1,1,0,0,0,0,0,0,0
1,1,0,0,0,0,0,0,0
1,1,0,0,0,0,0,0,0
1,1,0,0,0,0,0,0,0
1,1,0,0,0,0,0,0,0
1,1,0,0,0,0,0,0,0
1,1,0,0,0,0,0,0,0
1,1,0,0,0,0,0,0,0
1,1,0,0,0,0,0,0,0
1,1,0,0,0,0,0,0,0
1,1,0,0,0,0,0,0,0
1,1,0,0,0,0,0,0,0
1,1,0,0,0,0,0,0,0
1,1,0,0,0,0,0,0,0
1,1,0,0,0,0,0,0,0
1,1,0,0,0,0,0,0,0
1,1,0,0,0,0,0,0,0
1,1,0,0,0,0,0,0,0
1,1,0,0,0,0,0,0,0
1,1,0,0,0,0,0,0,0
1,1,0,0,0,0,0,0,0
1,1,0,0,0,0,0,0,0
1,1,0,0,0,0,0,0,0
1,1,0,0,0,0,0,0,0
1,1,0,0,0,0,0,0,0
1,1,0,0,0,0,0,0,0
1,1,0,0,0,0,0,0,0
1,1,0,0,0,0,0,0,0
1,1,0,0,0,0,0,0,0
1,1,0,0,0,0,0,0,0
1,1,0,0,0,0,0,0,0
1,1,0,0,0,0,0,0,0
1,1,0,0,0,0,0,0,0
1,1,0,0,0,0,0,0,0
1,1,0,0,0,0,0,0,0
1,1,0,0,0,0,0,0,0
1,1,0,0,0,0,0,0,0
1,1,0,0,0,0,0,0,0
1,1,0,0,0,0,0,0,0
1,1,0,0,0,0,0,0,0
1,1,0,0,0,0,0,0,0
1,1,0,0,0,0,0,0,0
1,1,0,0,0,0,0,0,0
1,1,0,0,0,0,0,0,0
1,1,0,0,0,0,0,0,0
1,1,0,0,0,0,0,0,0
1,1,0,0,0,0,0,0,0
1,1,0,0,0,0,0,0,0
1,1,0,0,0,0,0,0,0
1,1,0,0,0,0,0,0,0
1,1,0,0,0,0,0,0,0
1,1,0,0,0,0,0,0,0
1,1,0,0,0,0,0,0,0
1,1,0,0,0,0,0,0,0
1,1,0,0,0,0,0,0,0
1,1,0,0,0,0,0,0,0
1,1,0,0,0,0,0,0,0
1,1,0,0,0,0,0,0,0
1,1,0,0,0,0,0,0,0
1,1,0,0,0,0,0,0,0
1,1,0,0,0,0,0,0,0
1,1,0,0,0,0,0,0,0
1,1,0,0,0,0,0,0,0
1,1,0,0,0,0,0,0,0
1,1,0,0,0,0,0,0,0
1,1,0,0,0,0,0,0,0
1,1,0,0,0,0,0,0,0
1,1,0,0,0,0,0,0,0
1,1,0,0,0,0,0,0,0
1,1,0,0,0,0,0,0,0
1,1,0,0,0,0,0,0,0
1,1,0,0,0,0,0,0,0
1,1,0,0,0,0,0,0,0
1,1,0,0,0,0,0,0,0
1,1,0,0,0,0,0,0,0
1,1,0,0,0,0,0,0,0
1,1,0,0,0,0,0,0,0
1,1,0,0,0,0,0,0,0
1,1,0,0,0,0,0,0,0
1,1,0,0,0,0,0,0,0
1,1,0,0,0,0,0,0,0
1,1,0,0,0,0,0,0,0
1,1,0,0,0,0,0,0,0
1,1,0,0,0,0,0,0,0
1,1,0,0,0,0,0,0,0
1,1,0,0,0,0,0,0,0
1,1,0,0,0,0,0,0,0
1,1,0,0,0,0,0,0,0
1,1,0,0,0,0,0,0,0
1,1,0,0,0,0,0,0,0
1,1,0,0,0,0,0,0,0
1,1,0,0,0,0,0,0,0
1,1,0,0,0,0,0,0,0
1,1,0,0,0,0,0,0,0
1,1,0,0,0,0,0,0,0
1,1,0,0,0,0,0,0,0
1,1,0,0,0,0,0,0,0
1,1,0,0,0,0,0,0,0
1,1,0,0,0,0,0,0,0
1,1,0,0,0,0,0,0,0
1,1,0,0,0,0,0,0,0
1,1,0,0,0,0,0,0,0
1,1,0,0,0,0,0,0,0
1,1,0,0,0,0,0,0,0
1,1,0,0,0,0,0,0,0
1,1,0,0,0,0,0,0,0
1,1,0,0,0,0,0,0,0
1,1,0,0,0,0,0,0,0
1,1,0,0,0,0,0,0,0
1,1,0,0,0,0,0,0,0
1,1,0,0,0,0,0,0,0
1,1,0,0,0,0,0,0,0
1,1,0,0,0,0,0,0,0
1,1,0,0,0,0,0,0,0
1,1,0,0,0,0,0,0,0
1,1,0,0,0,0,0,0,0
1,1,0,0,0,0,0,0,0
1,1,0,0,0,0,0,0,0
1,1,0,0,0,0,0,0,0
1,1,0,0,0,0,0,0,0
1,1,0,0,0,0,0,0,0
1,1,0,0,0,0,0,0,0
1,1,0,0,0,0,0,0,0
1,1,0,0,0,0,0,0,0
1,1,0,0,0,0,0,0,0
1,1,0,0,0,0,0,0,0
1,1,0,0,0,0,0,0,0
1,1,0,0,0,0,0,0,0
1,1,0,0,0,0,0,0,0
1,1,0,0,0,0,0,0,0
1,1,0,0,0,0,0,0,0
1,1,0,0,0,0,0,0,0
1,1,0,0,0,0,0,0,0
1,1,0,0,0,0,0,0,0
1,1,0,0,0,0,0,0,0
1,1,0,0,0,0,0,0,0
1,1,0,0,0,0,0,0,0
1,1,0,0,0,0,0,0,0
1,1,0,0,0,0,0,0,0
1,1,0,0,0,0,0,0,0
1,1,0,0,0,0,0,0,0
1,1,0,0,0,0,0,0,0
1,1,0,0,0,0,0,0,0
1,1,0,0,0,0,0,0,0
1,1,0,0,0,0,0,0,0
1,1,0,0,0,0,0,0,0
1,1,0,0,0,0,0,0,0
1,1,0,0,0,0,0,0,0
1,1,0,0,0,0,0,0,0
1,1,0,0,0,0,0,0,0
1,1,0,0,0,0,0,0,0
1,1,0,0,0,0,0,0,0
1,1,0,0,0,0,0,0,0
1,1,0,0,0,0,0,0,0
1,1,0,0,0,0,0,0,0
1,1,0,0,0,0,0,0,0
1,1,0,0,0,0,0,0,0
1,1,0,0,0,0,0,0,0
1,1,0,0,0,1,0,0,0
1,1,0,0,0,0,0,0,0
1,1,0,0,0,1,0,0,0
1,1,0,0,0,0,0,0,0
1,1,0,0,0,0,0,0,0
1,1,0,0,0,1,0,0,0
1,1,0,0,0,0,0,0,0
1,1,0,0,0,0,0,0,0
1,1,0,0,0,0,0,0,0
1,1,0,0,0,0,0,0,0
1,1,0,0,0,0,0,0,0
1,1,0,0,0,0,0,0,0
1,1,0,0,0,1,0,0,0
2,2,0,0,0,0,0,0,0
1,1,0,0,0,0,0,0,0
1,1,0,0,0,1,0,0,0
1,1,0,0,0,0,0,0,0
1,1,0,0,0,0,0,0,0
1,1,0,0,0,0,0,0,0
1,1,0,0,0,0,0,0,0
1,1,0,0,0,0,0,0,0
1,1,0,0,0,0,0,0,0
1,1,0,0,0,0,0,0,0
1,1,0,0,0,0,0,0,0
1,1,0,0,0,0,0,0,0
1,1,0,0,0,0,0,0,0
1,1,0,0,0,0,0,0,0
1,1,0,0,0,0,0,0,0
1,1,0,0,0,0,0,0,0
1,1,0,0,0,0,0,0,0
1,1,0,0,0,0,0,0,0
1,1,0,0,0,0,0,0,0
1,1,0,0,0,0,0,0,0
1,1,0,0,0,0,0,0,0
1,1,0,0,0,0,0,0,0
1,1,0,0,0,0,0,0,0
1,1,0,0,0,0,0,0,0
1,1,0,0,0,0,0,0,0
1,1,0,0,0,0,0,0,0
1,1,0,0,0,0,0,0,0
1,1,0,0,0,0,0,0,0
1,1,0,0,0,1,0,0,0
1,1,0,0,0,0,0,0,0
1,1,0,0,0,1,0,0,0
1,1,0,0,0,0,0,0,0
1,1,0,0,0,0,0,0,0
1,1,0,0,0,0,0,0,0
1,1,0,0,0,0,0,0,0
1,1,0,0,0,0,0,0,0
1,1,0,0,0,0,0,0,0
1,1,0,0,0,0,0,0,0
1,1,0,0,0,0,0,0,0
1,1,0,0,0,0,0,0,0
1,1,0,0,0,1,0,0,0
1,1,0,0,0,0,0,0,0
1,1,0,0,0,0,0,0,0
1,1,0,0,0,1,0,0,0
1,1,0,0,0,0,0,0,0
1,1,0,0,0,0,0,0,0
1,1,0,0,0,0,0,0,0
1,1,0,0,0,1,0,0,0
1,1,0,0,0,0,0,0,0
1,1,0,0,0,0,0,0,0
1,1,0,0,0,0,0,0,0
1,1,0,0,0,0,0,0,0
1,1,0,0,0,0,0,0,0
1,1,0,0,0,0,0,0,0
1,1,0,0,0,0,0,0,0
1,1,0,0,0,0,0,0,0
1,1,0,0,0,0,0,0,0
1,1,0,0,0,0,0,0,0
1,1,0,0,0,0,0,0,0
1,1,0,0,0,0,0,0,0
1,1,0,0,0,0,0,0,0
1,1,0,0,0,1,0,0,0
1,1,0,0,0,0,0,0,0
1,1,0,0,0,0,0,0,0
1,1,0,0,0,0,0,0,0
1,1,0,0,0,0,0,0,0
1,1,0,0,0,1,0,0,0
1,1,0,0,0,0,0,0,0
1,1,0,0,0,0,0,0,0
1,1,0,0,0,0,0,0,0
1,1,0,0,0,0,0,0,0
1,1,0,0,0,0,0,0,0
1,1,0,0,0,1,0,0,0
1,1,0,0,0,0,0,0,0
1,1,0,0,0,1,0,0,0
1,1,0,0,0,0,0,0,0
1,1,0,0,0,0,0,0,0
1,1,0,0,0,0,0,0,0
1,1,0,0,0,0,0,0,0
1,1,0,0,0,0,0,0,0
1,1,0,0,0,0,0,0,0
1,1,0,0,0,0,0,0,0
1,1,0,0,0,0,0,0,0
1,1,0,0,0,0,0,0,0
1,1,0,0,0,0,0,0,0
1,1,0,0,0,0,0,0,0
1,1,0,0,0,0,0,0,0
1,1,0,0,0,0,0,0,0
1,1,0,0,0,1,0,0,0
1,1,0,0,0,0,0,0,0
1,1,0,0,0,0,0,0,0
1,1,0,0,0,0,0,0,0
1,1,0,0,0,0,0,0,0
1,1,0,0,0,0,0,0,0
1,1,0,0,0,1,0,0,0
1,1,0,0,0,0,0,0,0
1,1,0,0,0,0,0,0,0
1,1,0,0,0,0,0,0,0
1,1,0,0,0,0,0,0,0
1,1,0,0,0,0,0,0,0
1,1,0,0,0,1,0,0,0
1,1,0,0,0,0,0,0,0
1,1,0,0,0,0,0,0,0
1,1,0,0,0,0,0,0,0
1,1,0,0,0,0,0,0,0
1,1,0,0,0,0,0,0,0
1,1,0,0,0,0,0,0,0
1,1,0,0,0,0,0,0,0
1,1,0,0,0,0,0,0,0
1,1,0,0,0,0,0,0,0
1,1,0,0,0,1,0,0,0
1,1,0,0,0,0,0,0,0
1,1,0,0,0,0,0,0,0
1,1,0,0,0,0,0,0,0
1,1,0,0,0,0,0,0,0
1,1,0,0,0,0,0,0,0
1,1,0,0,0,0,0,0,0
1,1,0,0,0,0,0,0,0
1,1,0,0,0,0,0,0,0
1,1,0,0,0,0,0,0,0
1,1,0,0,0,0,0,0,0
1,1,0,0,0,0,0,0,0
1,1,0,0,0,0,0,0,0
1,1,0,0,0,0,0,0,0
1,1,0,0,0,0,0,0,0
1,1,0,0,0,0,0,0,0
1,1,0,0,0,0,0,0,0
1,1,0,0,0,0,0,0,0
1,1,0,0,0,0,0,0,0
1,1,0,0,0,0,0,0,0
1,1,0,0,0,1,0,0,0
1,1,0,0,0,0,0,0,0
1,1,0,0,0,0,0,0,0
1,1,0,0,0,0,0,0,0
1,1,0,0,0,0,0,0,0
1,1,0,0,0,0,0,0,0
1,1,0,0,0,0,0,0,0
1,1,0,0,0,0,0,0,0
1,1,0,0,0,0,0,0,0
1,1,0,0,0,0,0,0,0
1,1,0,0,0,0,0,0,0
1,1,0,0,0,0,0,0,0
1,1,0,0,0,0,0,0,0
1,1,0,0,0,0,0,0,0
1,1,0,0,0,0,0,0,0
1,1,0,0,0,0,0,0,0
1,1,0,0,0,0,0,0,0
1,1,0,0,0,0,0,0,0
1,1,0,0,0,0,0,0,0
1,1,0,0,0,0,0,0,0
1,1,0,0,0,0,0,0,0
1,1,0,0,0,0,0,0,0
1,1,0,0,0,0,0,0,0
1,1,0,0,0,0,0,0,0
1,1,0,0,0,0,0,0,0
1,1,0,0,0,0,0,0,0
1,1,0,0,0,0,0,0,0
1,1,0,0,0,0,0,0,0
1,1,0,0,0,0,0,0,0
1,1,0,0,0,0,0,0,0
1,1,0,0,0,0,0,0,0
1,1,0,0,0,1,0,0,0
1,1,0,0,0,0,0,0,0
1,1,0,0,0,0,0,0,0
1,1,0,0,0,0,0,0,0
1,1,0,0,0,0,0,0,0
1,1,0,0,0,0,0,0,0
1,1,0,0,0,0,0,0,0
1,1,0,0,0,0,0,0,0
1,1,0,0,0,0,0,0,0
1,1,0,0,0,0,0,0,0
1,1,0,0,0,0,0,0,0
1,1,0,0,0,0,0,0,0
1,1,0,0,0,0,0,0,0
1,1,0,0,0,0,0,0,0
1,1,0,0,0,0,0,0,0
1,1,0,0,0,0,0,0,0
1,1,0,0,0,0,0,0,0
1,1,0,0,0,1,0,0,0
1,1,0,0,0,0,0,0,0
1,1,0,0,0,0,0,0,0
1,1,0,0,0,0,0,0,0
1,1,0,0,0,0,0,0,0
1,1,0,0,0,0,0,0,0
1,1,0,0,0,0,0,0,0
1,1,0,0,0,0,0,0,0
1,1,0,0,0,0,0,0,0
1,1,0,0,0,0,0,0,0
1,1,0,0,0,0,0,0,0
1,1,0,0,0,0,0,0,0
1,1,0,0,0,0,0,0,0
1,1,0,0,0,0,0,0,0
1,1,0,0,0,1,0,0,0
1,1,0,0,0,0,0,0,0
1,1,0,0,0,0,0,0,0
1,1,0,0,0,0,0,0,0
1,1,0,0,0,0,0,0,0
1,1,0,0,0,0,0,0,0
1,1,0,0,0,0,0,0,0
1,1,0,0,0,0,0,0,0
1,1,0,0,0,0,0,0,0
1,1,0,0,0,0,0,0,0
1,1,0,0,0,1,0,0,0
1,1,0,0,0,0,0,0,0
1,1,0,0,0,0,0,0,0
1,1,0,0,0,0,0,0,0
1,1,0,0,0,0,0,0,0
1,1,0,0,0,1,0,0,0
1,1,0,0,0,1,0,0,0
1,1,0,0,0,0,0,0,0
1,1,0,0,0,0,0,0,0
1,1,0,0,0,0,0,0,0
1,1,0,0,0,0,0,0,0
1,1,0,0,0,0,0,0,0
1,1,0,0,0,0,0,0,0
1,1,0,0,0,1,0,0,0
1,1,0,0,0,0,0,0,0
1,1,0,0,0,0,0,0,0
1,1,0,0,0,0,0,0,0
1,1,0,0,0,0,0,0,0
1,1,0,0,0,0,0,0,0
1,1,0,0,0,0,0,0,0
1,1,0,0,0,0,0,0,0
1,1,0,0,0,0,0,0,0
1,1,0,0,0,0,0,0,0
1,1,0,0,0,0,0,0,0
1,1,0,0,0,0,0,0,0
1,1,0,0,0,0,0,0,0
1,1,0,0,0,0,0,0,0
1,1,0,0,0,0,0,0,0
1,1,0,0,0,0,0,0,0
1,1,0,0,0,0,0,0,0
1,1,0,0,0,1,0,0,0
1,1,0,0,0,0,0,0,0
1,1,0,0,0,0,0,0,0
1,1,0,0,0,0,0,0,0
1,1,0,0,0,0,0,0,0
1,1,0,0,0,0,0,0,0
1,1,0,0,0,0,0,0,0
1,1,0,0,0,0,0,0,0
1,1,0,0,0,0,0,0,0
1,1,0,0,0,0,0,0,0
1,1,0,0,0,1,0,0,0
1,1,0,0,0,0,0,0,0
1,1,0,0,0,0,0,0,0
1,1,0,0,0,0,0,0,0
1,1,0,0,0,1,0,0,0
1,1,0,0,0,0,0,0,0
1,1,0,0,0,0,0,0,0
1,1,0,0,0,0,0,0,0
1,1,0,0,0,0,0,0,0
1,1,0,0,0,0,0,0,0
1,1,0,0,0,0,0,0,0
1,1,0,0,0,0,0,0,0
1,1,0,0,0,0,0,0,0
1,1,0,0,0,0,0,0,0
1,1,0,0,0,1,0,0,0
1,1,0,0,0,0,0,0,0
1,1,0,0,0,0,0,0,0
1,1,0,0,0,0,0,0,0
1,1,0,0,0,0,0,0,0
1,1,0,0,0,0,0,0,0
1,1,0,0,0,0,0,0,0
1,1,0,0,0,0,0,0,0
1,1,0,0,0,0,0,0,0
1,1,0,0,0,0,0,0,0
1,1,0,0,0,0,0,0,0
1,1,0,0,0,0,0,0,0
1,1,0,0,0,0,0,0,0
1,1,0,0,0,0,0,0,0
1,1,0,0,0,0,0,0,0
1,1,0,0,0,0,0,0,0
1,1,0,0,0,0,0,0,0
1,1,0,0,0,0,0,0,0
1,1,0,0,0,0,0,0,0
1,1,0,0,0,0,0,0,0
1,1,0,0,0,0,0,0,0
1,1,0,0,0,0,0,0,0
1,1,0,0,0,0,0,0,0
1,1,0,0,0,0,0,0,0
1,1,0,0,0,0,0,0,0
1,1,0,0,0,0,0,0,0
1,1,0,0,0,0,0,0,0
1,1,0,0,0,0,0,0,0
1,1,0,0,0,0,0,0,0
1,1,0,0,0,0,0,0,0
1,1,0,0,0,0,0,0,0
1,1,0,0,0,0,0,0,0
1,1,0,0,0,0,0,0,0
1,1,0,0,0,0,0,0,0
2,1,0,0,1,0,0,1,0
2,1,0,1,0,0,0,1,0
3,1,0,1,1,0,0,1,0
2,1,1,0,0,0,0,1,0
3,1,1,0,1,0,0,1,0
3,1,1,1,0,0,0,1,0
4,1,1,1,1,0,0,1,0
3,1,2,0,0,0,0,1,0
4,1,2,0,1,0,0,1,0
4,1,2,1,0,0,0,1,0
5,1,2,1,1,0,0,1,0
4,1,3,0,0,1,1,1,1
5,1,3,0,1,1,1,1,1
5,1,3,1,0,1,1,1,1
6,1,3,1,1,1,1,1,1
6,1,3,2,0,1,1,1,1
7,1,3,2,1,1,1,1,1
5,1,4,0,0,1,1,1,1
6,1,4,0,1,1,1,1,1
6,1,4,1,0,1,1,1,1
7,1,4,1,1,1,1,1,1
7,1,4,2,0,1,1,1,1
8,1,4,2,1,1,1,1,1
6,1,5,0,0,1,1,1,1
7,1,5,0,1,1,1,1,1
7,1,5,1,0,1,1,1,1
8,1,5,1,1,1,1,1,1
8,1,5,2,0,1,1,1,1
9,1,5,2,1,1,1,1,1
7,1,6,0,0,1,1,1,1
8,1,6,0,1,1,1,1,1
8,1,6,1,0,1,1,1,1
9,1,6,1,1,1,1,1,1
9,1,6,2,0,1,1,1,1
10,1,6,2,1,1,1,1,1
8,1,7,0,0,1,1,1,1
9,1,7,0,1,1,1,1,1
9,1,7,1,0,1,1,1,1
10,1,7,1,1,1,1,1,1
10,1,7,2,0,1,1,1,1
11,1,7,2,1,1,1,1,1
5,1,2,2,0,1,1,1,1
5,1,2,0,1,1,1,1,1
6,1,2,2,0,1,1,1,1
6,1,2,0,1,1,1,1,1
7,1,2,2,0,1,1,1,1
7,1,2,0,1,1,1,1,1
8,1,2,2,0,1,1,1,1
8,1,2,0,1,1,1,1,1
9,1,2,2,0,1,1,1,1
9,1,2,0,1,1,1,1,1
